epoch,time,train/box_loss,train/cls_loss,train/dfl_loss,metrics/precision(B),metrics/recall(B),metrics/mAP50(B),metrics/mAP50-95(B),val/box_loss,val/cls_loss,val/dfl_loss,lr/pg0,lr/pg1,lr/pg2
1,3382.83,0.75666,4.82535,1.62518,0.03932,0.49306,0.08748,0.08621,0.36083,4.73584,0.68269,8.24074e-05,8.24074e-05,8.24074e-05
2,7313.29,0.22832,3.3911,1.04476,0.75804,0.69487,0.78967,0.7812,0.24822,2.80234,0.49098,0.000149332,0.000149332,0.000149332
3,9648.27,0.19661,2.04317,1.01187,0.94266,0.94807,0.97955,0.97583,0.13767,1.49581,0.27017,0.000199757,0.000199757,0.000199757
4,11654.2,0.17394,1.38775,0.99081,0.96635,0.98086,0.9946,0.9897,0.15963,1.32575,0.26209,0.00017575,0.00017575,0.00017575
5,13701.5,0.15143,1.08481,0.96336,0.99412,0.99673,0.995,0.9916,0.13618,0.96322,0.22392,0.000151,0.000151,0.000151
6,15717.3,0.13864,0.92359,0.95018,0.99347,0.99596,0.995,0.99318,0.1325,0.89177,0.23179,0.00012625,0.00012625,0.00012625
7,17583.8,0.12733,0.83346,0.94417,0.9963,1,0.995,0.99192,0.08957,0.77095,0.20492,0.0001015,0.0001015,0.0001015
8,19501.2,0.11815,0.77473,0.93951,0.9964,0.99868,0.995,0.99413,0.07709,0.71361,0.15703,7.675e-05,7.675e-05,7.675e-05
9,21417.9,0.10869,0.72327,0.9325,0.99616,1,0.995,0.99445,0.08112,0.68694,0.16204,5.2e-05,5.2e-05,5.2e-05
10,23715.4,0.09596,0.6882,0.92749,0.99719,1,0.995,0.99473,0.07334,0.65712,0.15056,2.725e-05,2.725e-05,2.725e-05
