paradigm,seed,batch_size,train_accuracy,validation_accuracy,train_loss,validation_loss,training_time_seconds,precision,recall,f1
augmented,42,8,0.9454861283302308,0.9569444444444444,0.1939069330692291,0.1012758016586303,6177.354264259338,0.9710192027002371,0.9569444444444445,0.9534796178889694
augmented,42,16,0.9684028029441832,0.9708333333333332,0.1067057475447654,0.1442368775606155,8698.947181224823,0.9741780852891964,0.9708333333333334,0.9700786134915754
augmented,42,32,0.9784722328186036,0.9819444444444444,0.0745346173644065,0.0899244025349617,9914.010152578354,0.9853709508881923,0.9819444444444445,0.9811228018843833
augmented,17,8,0.9451388716697692,0.9819444444444444,0.1947004497051239,0.1141147837042808,11927.984279155731,0.9859200470311582,0.9819444444444445,0.9815261970598418
augmented,17,16,0.964930534362793,0.9861111111111112,0.1016394793987274,0.1059389039874076,10210.781681060793,0.9907407407407407,0.9861111111111112,0.9851851851851853
augmented,17,32,0.9732638597488404,0.9861111111111112,0.0700243413448333,0.1415304392576217,9482.374356985092,0.9907407407407407,0.9861111111111112,0.9851851851851853
augmented,119,8,0.9506944417953492,0.9763888888888888,0.1549160927534103,0.0687079429626464,10343.838037252426,0.9758757038168802,0.9763888888888889,0.9759777198801589
augmented,119,16,0.959375023841858,0.9763888888888888,0.1278894990682602,0.0788515210151672,8192.688795566559,0.9830077330077329,0.9763888888888889,0.9752702785077558
augmented,119,32,0.9760416746139526,0.9861111111111112,0.0682520419359207,0.1641447991132736,7545.2418384552,0.9907407407407407,0.9861111111111112,0.9851851851851853
