paradigm,seed,batch_size,map50,map50_95,precision,recall,f1
augmented,42,8,0.9949999999999998,0.9947421775223498,0.9973578449803848,1.0,0.9986771749357506
augmented,42,16,0.9949999999999998,0.9948506272401432,0.9968781038541922,1.0,0.9984366115589218
augmented,42,32,0.9949999999999998,0.9949999999999998,0.9971433122586704,1.0,0.9985696130448952
augmented,17,8,0.9949999999999998,0.9949999999999998,0.9965918952720414,1.0,0.9982930388848973
augmented,17,16,0.9949999999999998,0.994688425311101,0.9971206551673879,1.0,0.9985582519387789
augmented,17,32,0.9949999999999998,0.9949999999999998,0.9966468325538441,1.0,0.9983206006232624
augmented,119,8,0.9949999999999998,0.9949999999999998,0.9968214465925384,1.0,0.9984081934752426
augmented,119,16,0.9949999999999998,0.9949999999999998,0.9971399165194847,1.0,0.9985679103117123
augmented,119,32,0.9949999999999998,0.9948593579234971,0.9972022822831479,1.0,0.9985991815943381
