seed,batch_size,map50,map50_95,precision,recall,f1
42,8,0.41551254572600627,0.3204946453663769,0.5350400055488751,0.3623820221113928,0.43210189441592717
42,16,0.5191075118805503,0.3973735084111313,0.5829307507971926,0.3671921945027105,0.45056826105966824
42,32,0.27150999930309994,0.21168093219212333,0.05186339206360803,0.7916666666666666,0.09734927236339731
17,8,0.4014615568094977,0.314979810013404,0.6710457993554062,0.36886661842731894,0.47605238784599835
17,16,0.4474206930385112,0.34526727278811276,0.6215189262003548,0.34858221900795094,0.44665537716448755
17,32,0.25107065460794575,0.19300603457064433,0.03223478302538647,0.7916666666666666,0.061947222542135784
119,8,0.40589080684220413,0.2963834648353721,0.6435749802619128,0.30846147320866313,0.4170388346121484
119,16,0.39639680206876565,0.3017196296828713,0.6654367541094278,0.3112182263149739,0.4240925413573107
119,32,0.19331643885422783,0.14803805512081797,0.0375779855000043,0.7916666666666666,0.07175020892352381
