group,metric,mean,sample_standard_deviation,runs
All runs,map50,0.3668541121256454,0.10502717331570702,9
All runs,map50_95,0.28099370588676154,0.08006281432450729,9
All runs,precision,0.4268025974291298,0.292693530052408,9
All runs,recall,0.49352252817477893,0.22468205566020735,9
All runs,f1,0.31972844447606635,0.18304798141222656,9
Batch size 8,map50,0.40762163645923605,0.007183620309799079,3
Batch size 8,map50_95,0.31061930673838434,0.012633200238192593,3
Batch size 8,precision,0.6165535950553981,0.0719166909075724,3
Batch size 8,recall,0.3465700379157916,0.03316186854465804,3
Batch size 8,f1,0.4417310389580246,0.030662520848432608,3
Batch size 16,map50,0.45430833566260903,0.06164462094389072,3
Batch size 16,map50_95,0.3481201369607051,0.04789071156738656,3
Batch size 16,precision,0.6232954770356584,0.04128168171589496,3
Batch size 16,recall,0.34233087994187844,0.028505801317621118,3
Batch size 16,f1,0.4404387265271555,0.01429076598015065,3
Batch size 32,map50,0.23863236425509118,0.04055356364235196,3
Batch size 32,map50_95,0.1842416739611952,0.032714132468211185,3
Batch size 32,precision,0.040558720196332936,0.010148111040546477,3
Batch size 32,recall,0.7916666666666666,0.0,3
Batch size 32,f1,0.07701556794301898,0.01827893014073595,3
