seed,batch_size,accuracy,precision,recall,f1
42,8,0.9305555555555556,0.9537037037037036,0.9305555555555556,0.925925925925926
42,16,0.9027777777777778,0.9398148148148147,0.9027777777777778,0.8981481481481483
42,32,0.4027777777777778,0.41798941798941797,0.4027777777777778,0.3840067340067341
17,8,0.9444444444444444,0.9675925925925924,0.9444444444444444,0.9425925925925926
17,16,0.9027777777777778,0.933862433862434,0.9027777777777778,0.8993827160493828
17,32,0.19444444444444445,0.15376984126984128,0.19444444444444445,0.15654533844189017
119,8,0.9444444444444444,0.9675925925925924,0.9444444444444444,0.9425925925925926
119,16,0.8611111111111112,0.8796296296296295,0.8611111111111112,0.8453703703703703
119,32,0.19444444444444445,0.20106837606837608,0.19444444444444445,0.16872427983539093
